opportunity_id,uplift_score,sector,channel,employees,revenue,sales_price
5GEBBVQQ,0.916,software,Cold Call,2253.0,987.39,5482.0
9LILLW96,0.916,software,Webinar,2253.0,987.39,5482.0
Y7TVYRAX,0.916,software,Webinar,2253.0,987.39,5482.0
0LMA8GMJ,0.916,software,Email,2253.0,987.39,5482.0
TR3TXXHF,0.916,software,Cold Call,2253.0,987.39,5482.0
6UUTR15S,0.842,services,Email,3492.0,1012.72,5482.0
WGJB2VDU,0.842,services,Email,3492.0,1012.72,5482.0
EYWL3H5G,0.842,services,Email,3492.0,1012.72,5482.0
ZZCKQ2JV,0.721,services,Cold Call,3492.0,1012.72,1096.0
ZALE38AC,0.721,services,Email,3492.0,1012.72,1096.0
